Workbook

Sheet Resumen
A1: Resumen de la autoevaluación EPTM: dónde estamos y qué falta
A2: Los conteos se calculan desde la hoja Consolidado: si cambias una valoración o una evidencia, se actualizan.
A4: N.º | B4: Estándar | C4: Criterios | D4: LP | E4: L | F4: Por definir | G4: No desarrollado | H4: Prioridad alta | I4: Prioridad media | J4: Prioridad baja | K4: Evidencias citadas | L4: Con enlace | M4: Criterios sin documentos en el Anexo
A5: 1 | B5: Gestión del programa de estudios | C5: =COUNTIF(Consolidado!$A$5:$A$57,A5) -> 5 | D5: =COUNTIFS(Consolidado!$A$5:$A$57,A5,Consolidado!$I$5:$I$57,"LP") -> 1 | E5: =COUNTIFS(Consolidado!$A$5:$A$57,A5,Consolidado!$I$5:$I$57,"L") -> 4 | F5: =COUNTIFS(Consolidado!$A$5:$A$57,A5,Consolidado!$I$5:$I$57,"Por definir") -> 0 | G5: =COUNTIFS(Consolidado!$A$5:$A$57,A5,Consolidado!$I$5:$I$57,"No desarrollado") -> 0 | H5: =COUNTIFS(Consolidado!$A$5:$A$57,A5,Consolidado!$P$5:$P$57,"Alta") -> 0 | I5: =COUNTIFS(Consolidado!$A$5:$A$57,A5,Consolidado!$P$5:$P$57,"Media") -> 3 | J5: =COUNTIFS(Consolidado!$A$5:$A$57,A5,Consolidado!$P$5:$P$57,"Baja") -> 2 | K5: =SUMIFS(Consolidado!$J$5:$J$57,Consolidado!$A$5:$A$57,A5) -> 24 | L5: =SUMIFS(Consolidado!$K$5:$K$57,Consolidado!$A$5:$A$57,A5) -> 8 | M5: =COUNTIFS(Consolidado!$A$5:$A$57,A5,Consolidado!$G$5:$G$57,"Sin documentos registrados") -> 1
A6: 2 | B6: Currículo | C6: =COUNTIF(Consolidado!$A$5:$A$57,A6) -> 7 | D6: =COUNTIFS(Consolidado!$A$5:$A$57,A6,Consolidado!$I$5:$I$57,"LP") -> 0 | E6: =COUNTIFS(Consolidado!$A$5:$A$57,A6,Consolidado!$I$5:$I$57,"L") -> 4 | F6: =COUNTIFS(Consolidado!$A$5:$A$57,A6,Consolidado!$I$5:$I$57,"Por definir") -> 3 | G6: =COUNTIFS(Consolidado!$A$5:$A$57,A6,Consolidado!$I$5:$I$57,"No desarrollado") -> 0 | H6: =COUNTIFS(Consolidado!$A$5:$A$57,A6,Consolidado!$P$5:$P$57,"Alta") -> 3 | I6: =COUNTIFS(Consolidado!$A$5:$A$57,A6,Consolidado!$P$5:$P$57,"Media") -> 1 | J6: =COUNTIFS(Consolidado!$A$5:$A$57,A6,Consolidado!$P$5:$P$57,"Baja") -> 3 | K6: =SUMIFS(Consolidado!$J$5:$J$57,Consolidado!$A$5:$A$57,A6) -> 33 | L6: =SUMIFS(Consolidado!$K$5:$K$57,Consolidado!$A$5:$A$57,A6) -> 0 | M6: =COUNTIFS(Consolidado!$A$5:$A$57,A6,Consolidado!$G$5:$G$57,"Sin documentos registrados") -> 5
A7: 3 | B7: Evaluación de la enseñanza, el aprendizaje y del logro del perfil de egreso | C7: =COUNTIF(Consolidado!$A$5:$A$57,A7) -> 7 | D7: =COUNTIFS(Consolidado!$A$5:$A$57,A7,Consolidado!$I$5:$I$57,"LP") -> 0 | E7: =COUNTIFS(Consolidado!$A$5:$A$57,A7,Consolidado!$I$5:$I$57,"L") -> 7 | F7: =COUNTIFS(Consolidado!$A$5:$A$57,A7,Consolidado!$I$5:$I$57,"Por definir") -> 0 | G7: =COUNTIFS(Consolidado!$A$5:$A$57,A7,Consolidado!$I$5:$I$57,"No desarrollado") -> 0 | H7: =COUNTIFS(Consolidado!$A$5:$A$57,A7,Consolidado!$P$5:$P$57,"Alta") -> 0 | I7: =COUNTIFS(Consolidado!$A$5:$A$57,A7,Consolidado!$P$5:$P$57,"Media") -> 3 | J7: =COUNTIFS(Consolidado!$A$5:$A$57,A7,Consolidado!$P$5:$P$57,"Baja") -> 4 | K7: =SUMIFS(Consolidado!$J$5:$J$57,Consolidado!$A$5:$A$57,A7) -> 37 | L7: =SUMIFS(Consolidado!$K$5:$K$57,Consolidado!$A$5:$A$57,A7) -> 0 | M7: =COUNTIFS(Consolidado!$A$5:$A$57,A7,Consolidado!$G$5:$G$57,"Sin documentos registrados") -> 2
A8: 4 | B8: Plana docente | C8: =COUNTIF(Consolidado!$A$5:$A$57,A8) -> 6 | D8: =COUNTIFS(Consolidado!$A$5:$A$57,A8,Consolidado!$I$5:$I$57,"LP") -> 0 | E8: =COUNTIFS(Consolidado!$A$5:$A$57,A8,Consolidado!$I$5:$I$57,"L") -> 3 | F8: =COUNTIFS(Consolidado!$A$5:$A$57,A8,Consolidado!$I$5:$I$57,"Por definir") -> 3 | G8: =COUNTIFS(Consolidado!$A$5:$A$57,A8,Consolidado!$I$5:$I$57,"No desarrollado") -> 0 | H8: =COUNTIFS(Consolidado!$A$5:$A$57,A8,Consolidado!$P$5:$P$57,"Alta") -> 3 | I8: =COUNTIFS(Consolidado!$A$5:$A$57,A8,Consolidado!$P$5:$P$57,"Media") -> 2 | J8: =COUNTIFS(Consolidado!$A$5:$A$57,A8,Consolidado!$P$5:$P$57,"Baja") -> 1 | K8: =SUMIFS(Consolidado!$J$5:$J$57,Consolidado!$A$5:$A$57,A8) -> 24 | L8: =SUMIFS(Consolidado!$K$5:$K$57,Consolidado!$A$5:$A$57,A8) -> 0 | M8: =COUNTIFS(Consolidado!$A$5:$A$57,A8,Consolidado!$G$5:$G$57,"Sin documentos registrados") -> 1
A9: 5 | B9: Recursos para la enseñanza aprendizaje | C9: =COUNTIF(Consolidado!$A$5:$A$57,A9) -> 6 | D9: =COUNTIFS(Consolidado!$A$5:$A$57,A9,Consolidado!$I$5:$I$57,"LP") -> 0 | E9: =COUNTIFS(Consolidado!$A$5:$A$57,A9,Consolidado!$I$5:$I$57,"L") -> 5 | F9: =COUNTIFS(Consolidado!$A$5:$A$57,A9,Consolidado!$I$5:$I$57,"Por definir") -> 1 | G9: =COUNTIFS(Consolidado!$A$5:$A$57,A9,Consolidado!$I$5:$I$57,"No desarrollado") -> 0 | H9: =COUNTIFS(Consolidado!$A$5:$A$57,A9,Consolidado!$P$5:$P$57,"Alta") -> 1 | I9: =COUNTIFS(Consolidado!$A$5:$A$57,A9,Consolidado!$P$5:$P$57,"Media") -> 4 | J9: =COUNTIFS(Consolidado!$A$5:$A$57,A9,Consolidado!$P$5:$P$57,"Baja") -> 1 | K9: =SUMIFS(Consolidado!$J$5:$J$57,Consolidado!$A$5:$A$57,A9) -> 24 | L9: =SUMIFS(Consolidado!$K$5:$K$57,Consolidado!$A$5:$A$57,A9) -> 0 | M9: =COUNTIFS(Consolidado!$A$5:$A$57,A9,Consolidado!$G$5:$G$57,"Sin documentos registrados") -> 3
A10: 6 | B10: Responsabilidad social universitaria | C10: =COUNTIF(Consolidado!$A$5:$A$57,A10) -> 5 | D10: =COUNTIFS(Consolidado!$A$5:$A$57,A10,Consolidado!$I$5:$I$57,"LP") -> 0 | E10: =COUNTIFS(Consolidado!$A$5:$A$57,A10,Consolidado!$I$5:$I$57,"L") -> 1 | F10: =COUNTIFS(Consolidado!$A$5:$A$57,A10,Consolidado!$I$5:$I$57,"Por definir") -> 4 | G10: =COUNTIFS(Consolidado!$A$5:$A$57,A10,Consolidado!$I$5:$I$57,"No desarrollado") -> 0 | H10: =COUNTIFS(Consolidado!$A$5:$A$57,A10,Consolidado!$P$5:$P$57,"Alta") -> 4 | I10: =COUNTIFS(Consolidado!$A$5:$A$57,A10,Consolidado!$P$5:$P$57,"Media") -> 1 | J10: =COUNTIFS(Consolidado!$A$5:$A$57,A10,Consolidado!$P$5:$P$57,"Baja") -> 0 | K10: =SUMIFS(Consolidado!$J$5:$J$57,Consolidado!$A$5:$A$57,A10) -> 15 | L10: =SUMIFS(Consolidado!$K$5:$K$57,Consolidado!$A$5:$A$57,A10) -> 0 | M10: =COUNTIFS(Consolidado!$A$5:$A$57,A10,Consolidado!$G$5:$G$57,"Sin documentos registrados") -> 1
A11: 7 | B11: Bienestar y servicios de apoyo al estudiante | C11: =COUNTIF(Consolidado!$A$5:$A$57,A11) -> 4 | D11: =COUNTIFS(Consolidado!$A$5:$A$57,A11,Consolidado!$I$5:$I$57,"LP") -> 0 | E11: =COUNTIFS(Consolidado!$A$5:$A$57,A11,Consolidado!$I$5:$I$57,"L") -> 2 | F11: =COUNTIFS(Consolidado!$A$5:$A$57,A11,Consolidado!$I$5:$I$57,"Por definir") -> 2 | G11: =COUNTIFS(Consolidado!$A$5:$A$57,A11,Consolidado!$I$5:$I$57,"No desarrollado") -> 0 | H11: =COUNTIFS(Consolidado!$A$5:$A$57,A11,Consolidado!$P$5:$P$57,"Alta") -> 2 | I11: =COUNTIFS(Consolidado!$A$5:$A$57,A11,Consolidado!$P$5:$P$57,"Media") -> 0 | J11: =COUNTIFS(Consolidado!$A$5:$A$57,A11,Consolidado!$P$5:$P$57,"Baja") -> 2 | K11: =SUMIFS(Consolidado!$J$5:$J$57,Consolidado!$A$5:$A$57,A11) -> 16 | L11: =SUMIFS(Consolidado!$K$5:$K$57,Consolidado!$A$5:$A$57,A11) -> 0 | M11: =COUNTIFS(Consolidado!$A$5:$A$57,A11,Consolidado!$G$5:$G$57,"Sin documentos registrados") -> 0
A12: 8 | B12: Gestión de la información | C12: =COUNTIF(Consolidado!$A$5:$A$57,A12) -> 6 | D12: =COUNTIFS(Consolidado!$A$5:$A$57,A12,Consolidado!$I$5:$I$57,"LP") -> 0 | E12: =COUNTIFS(Consolidado!$A$5:$A$57,A12,Consolidado!$I$5:$I$57,"L") -> 4 | F12: =COUNTIFS(Consolidado!$A$5:$A$57,A12,Consolidado!$I$5:$I$57,"Por definir") -> 2 | G12: =COUNTIFS(Consolidado!$A$5:$A$57,A12,Consolidado!$I$5:$I$57,"No desarrollado") -> 0 | H12: =COUNTIFS(Consolidado!$A$5:$A$57,A12,Consolidado!$P$5:$P$57,"Alta") -> 2 | I12: =COUNTIFS(Consolidado!$A$5:$A$57,A12,Consolidado!$P$5:$P$57,"Media") -> 3 | J12: =COUNTIFS(Consolidado!$A$5:$A$57,A12,Consolidado!$P$5:$P$57,"Baja") -> 1 | K12: =SUMIFS(Consolidado!$J$5:$J$57,Consolidado!$A$5:$A$57,A12) -> 18 | L12: =SUMIFS(Consolidado!$K$5:$K$57,Consolidado!$A$5:$A$57,A12) -> 0 | M12: =COUNTIFS(Consolidado!$A$5:$A$57,A12,Consolidado!$G$5:$G$57,"Sin documentos registrados") -> 0
A13: 9 | B13: Supervisión y revisión del programa de estudios | C13: =COUNTIF(Consolidado!$A$5:$A$57,A13) -> 3 | D13: =COUNTIFS(Consolidado!$A$5:$A$57,A13,Consolidado!$I$5:$I$57,"LP") -> 0 | E13: =COUNTIFS(Consolidado!$A$5:$A$57,A13,Consolidado!$I$5:$I$57,"L") -> 0 | F13: =COUNTIFS(Consolidado!$A$5:$A$57,A13,Consolidado!$I$5:$I$57,"Por definir") -> 0 | G13: =COUNTIFS(Consolidado!$A$5:$A$57,A13,Consolidado!$I$5:$I$57,"No desarrollado") -> 3 | H13: =COUNTIFS(Consolidado!$A$5:$A$57,A13,Consolidado!$P$5:$P$57,"Alta") -> 3 | I13: =COUNTIFS(Consolidado!$A$5:$A$57,A13,Consolidado!$P$5:$P$57,"Media") -> 0 | J13: =COUNTIFS(Consolidado!$A$5:$A$57,A13,Consolidado!$P$5:$P$57,"Baja") -> 0 | K13: =SUMIFS(Consolidado!$J$5:$J$57,Consolidado!$A$5:$A$57,A13) -> 0 | L13: =SUMIFS(Consolidado!$K$5:$K$57,Consolidado!$A$5:$A$57,A13) -> 0 | M13: =COUNTIFS(Consolidado!$A$5:$A$57,A13,Consolidado!$G$5:$G$57,"Sin documentos registrados") -> 0
A14: 10 | B14: Gestión de la calidad | C14: =COUNTIF(Consolidado!$A$5:$A$57,A14) -> 4 | D14: =COUNTIFS(Consolidado!$A$5:$A$57,A14,Consolidado!$I$5:$I$57,"LP") -> 0 | E14: =COUNTIFS(Consolidado!$A$5:$A$57,A14,Consolidado!$I$5:$I$57,"L") -> 0 | F14: =COUNTIFS(Consolidado!$A$5:$A$57,A14,Consolidado!$I$5:$I$57,"Por definir") -> 0 | G14: =COUNTIFS(Consolidado!$A$5:$A$57,A14,Consolidado!$I$5:$I$57,"No desarrollado") -> 4 | H14: =COUNTIFS(Consolidado!$A$5:$A$57,A14,Consolidado!$P$5:$P$57,"Alta") -> 4 | I14: =COUNTIFS(Consolidado!$A$5:$A$57,A14,Consolidado!$P$5:$P$57,"Media") -> 0 | J14: =COUNTIFS(Consolidado!$A$5:$A$57,A14,Consolidado!$P$5:$P$57,"Baja") -> 0 | K14: =SUMIFS(Consolidado!$J$5:$J$57,Consolidado!$A$5:$A$57,A14) -> 0 | L14: =SUMIFS(Consolidado!$K$5:$K$57,Consolidado!$A$5:$A$57,A14) -> 0 | M14: =COUNTIFS(Consolidado!$A$5:$A$57,A14,Consolidado!$G$5:$G$57,"Sin documentos registrados") -> 0
B15: Total | C15: =SUM(C5:C14) -> 53 | D15: =SUM(D5:D14) -> 1 | E15: =SUM(E5:E14) -> 30 | F15: =SUM(F5:F14) -> 15 | G15: =SUM(G5:G14) -> 7 | H15: =SUM(H5:H14) -> 22 | I15: =SUM(I5:I14) -> 17 | J15: =SUM(J5:J14) -> 14 | ... M15: =SUM(M5:M14) -> 13
A17: Lo que más pesa
A18: • | B18: Los estándares 9 y 10 no están desarrollados en el informe (7 criterios).
A19: • | B19: Hay criterios con la valoración «Por definir», que no existe en la escala del modelo (NL, L, LP).
A20: • | B20: Solo ID01 tiene el cálculo con variables; los otros indicadores no se pueden verificar y algunos se contradicen con las argumentaciones.
A21: • | B21: Casi ninguna evidencia citada tiene enlace directo, que es lo que exige el formato.
A22: • | B22: 13 de las 28 matrices siguen pendientes.
A23: • | B23: Detalle y acciones: hojas Consolidado (columna dorada), Indicadores, Matrices y Observaciones.
A25: Cómo se asigna la prioridad
A26: • | B26: Alta: la valoración es «Por definir» o el criterio no está desarrollado en el informe.
A27: • | B27: Media: la valoración es L o LP, pero falta citar alguna evidencia que exige el modelo o hay una matriz pendiente.
A28: • | B28: Baja: la valoración es L o LP, cita todas las evidencias exigidas y no tiene matrices pendientes.
A29: • | B29: Referenciales de indicadores y evidencias exigidas: Guía de informe de autoevaluación UNMSM (matrices M2 y M3) y Modelo CONEAU 2026.

Sheet Consolidado
A1: Consolidado de autoevaluación EPTM: criterios, evidencias y lo que falta
A2: Cruce de tres documentos: Informe final de autoevaluación EPTM 2026 (estándares 1 a 8), Reporte de evidencias (Anexo 2026-1) y Guía de informe de autoevaluación UNMSM; más el índice de 28 matrices. La columna dorada es la que se agregó: la evidencia que todavía falta por criterio.
A4: N.º estándar | B4: Estándar | C4: Criterio | D4: Resumen del criterio (guía) | E4: EV que exige el modelo / la guía | F4: Indicadores asociados (guía) | G4: Documentos ya registrados en el Reporte de evidencias (Anexo 2026-1) | H4: Matrices que lo respaldan (estado) | I4: Valoración en el informe | J4: Evidencias citadas en el informe (n) | K4: …con enlace (n) | L4: EV exigidas que el informe no cita | M4: Puntos débiles que declara el informe | N4: Evidencias por completar según la guía | O4: ► EVIDENCIA QUE ME FALTA | P4: Prioridad
A5: 1 | B5: Gestión del programa de estudios | C5: 1.1 | D5: Estructura interna pertinente | E5: EV1 | F5: — | G5: Estatuto UNMSM; ROF; MOF; Ley Universitaria 30220; Organigrama Institucional 2025 | H5: — | I5: LP | J5: 5 | K5: 5 | L5: — | M5: — | N5: Resoluciones de conformación de Dirección de Escuela, Comité de Gestión y Comité de Calidad (2023-2026); enlace directo al ROF/MOF de la Facultad. | O5: Resoluciones de conformación de la Dirección de Escuela, el Comité de Gestión y el Comité de Calidad (2023-2026) con enlace; organigrama vigente de la EPTM (el citado es de 2018 y el Anexo lista el Organigrama Institucional 2025); enlace directo al ROF/MOF de la Facultad. | P5: =IF(OR(I5="Por definir",I5="No desarrollado"),"Alta",IF(OR(L5<>"—",ISNUMBER(SEARCH("Pendiente",H5))),"Media","Baja")) -> Baja
A6: 1 | B6: Gestión del programa de estudios | C6: 1.2 | D6: Cuerpo directivo idóneo | E6: EV2 | F6: — | G6: Estatuto UNMSM; ROF; MOF; Ley Universitaria 30220 | H6: M24 (Pendiente); M25 (Pendiente) | I6: L | J6: 1 | K6: 1 | L6: — | M6: faltan las resoluciones de designación y las hojas de vida | N6: Hojas de vida documentadas del cuerpo directivo (EV2); resoluciones de designación; cuadro requisito–cumplimiento por cargo. | O6: Resoluciones de designación y hojas de vida de los jefes de sección de las cuatro áreas; cuadro requisito–cumplimiento por cargo con enlace (la matriz E1.2-06 ya citada debe poder abrirse). Matrices pendientes: M24, M25. | P6: =IF(OR(I6="Por definir",I6="No desarrollado"),"Alta",IF(OR(L6<>"—",ISNUMBER(SEARCH("Pendiente",H6))),"Media","Baja")) -> Media
A7: 1 | B7: Gestión del programa de estudios | C7: 1.3 | D7: Planes con objetivos académicos evaluados anualmente | E7: EV3, EV4, EV5, EV6 | F7: Los que correspondan (p. ej., ID11, ID28) | G7: Modelo educativo; PEI UNMSM (2019-2023); PEI UNMSM (2023-2027); PEI UNMSM (2026-2030); POI UNMSM 2024; POI UNMSM 2025; POI UNMSM 2026; Guía de diseño de evaluación y actualización curricular 2021; Guía de diseño de evalu ación y actualización curricular 2026 | H7: M1 (Atendida); M2 (Atendida); M3 (Atendida); M4 (Atendida); M6 (Atendida) | I7: L | J7: 6 | K7: 0 | L7: — | M7: El involucramiento cae en una sola persona, debe ser difundida a los docentes. Los docentes a tiempo parcial no se involucran. | N7: Documento de objetivos académicos del programa (EV3); evidencia de su publicación (EV4); informes de evaluación del POI 2024 y 2025 (EV6). | O7: Documento de objetivos académicos del programa (EV3); evidencia de su publicación (EV4); informes de evaluación del POI 2024 y 2025 (EV6); registro de difusión a los docentes, incluidos los de tiempo parcial. | P7: =IF(OR(I7="Por definir",I7="No desarrollado"),"Alta",IF(OR(L7<>"—",ISNUMBER(SEARCH("Pendiente",H7))),"Media","Baja")) -> Baja
A8: 1 | B8: Gestión del programa de estudios | C8: 1.4 | D8: Quejas, reclamos y denuncias | E8: EV7 | F8: — | G8: Reglamento de Defensoría Universitaria; Información complementaria en el marco de la supervisión de la Oficina de Defensoría Universitaria; Informe anual y/o semestral de reclamos; Resolución de designación del Defensor Universitario 2025 | H8: M26 (Pendiente); M27 (Pendiente); M28 (Pendiente) | I8: L | J8: 7 | K8: 2 | L8: — | M8: — | N8: Estadística de casos del programa por semestre, plazos y estado de atención; acciones derivadas de los casos recurrentes. | O8: Estadística de casos del programa por semestre (plazos, estado de atención, causas, por área); acciones derivadas de los casos recurrentes. Matrices pendientes: M26, M27, M28. | P8: =IF(OR(I8="Por definir",I8="No desarrollado"),"Alta",IF(OR(L8<>"—",ISNUMBER(SEARCH("Pendiente",H8))),"Media","Baja")) -> Media
A9: 1 | B9: Gestión del programa de estudios | C9: 1.5 | D9: Satisfacción con servicios administrativos | E9: EV7 (según la guía); se recomienda EV41, EV42 y EV43 | F9: ID8 (60 %), ID18 (75 %), ID21 (70 %) | G9: Sin documentos registrados | H9: — | I9: L | J9: 5 | K9: 0 | L9: EV7, EV41, EV42, EV43 | M9: la medición se inicia en 2026-II, sin serie histórica, y el instrumento no desagrega resultados por área. | N9: Instrumentos, bases de datos e informes de satisfacción de cuatro semestres; acciones de mejora derivadas. | O9: Instrumentos, bases de datos e informes de satisfacción de los cuatro semestres (ID8, ID18, ID21), desagregados por área; la medición recién comienza en 2026-II, así que hay que aplicarla y registrarla; acciones de mejora derivadas. | P9: =IF(OR(I9="Por definir",I9="No desarrollado"),"Alta",IF(OR(L9<>"—",ISNUMBER(SEARCH("Pendiente",H9))),"Media","Baja")) -> Media
A10: 2 | B10: Currículo | C10: 2.1 | D10: Componentes mínimos del currículo | E10: EV8 | F10: ID1 (60 %), ID12 (70 %) | G10: Guía de diseño de evaluación y actualización curricular 2026; Ley Universitaria 30220; Estatuto UNMSM; Modelo educativo | H10: M5 (Atendida); M12 (Atendida); M14 (Pendiente) | I10: L | J10: 7 | K10: 0 | L10: — | M10: tres planes omiten el marco deontológico, dos no documentan la consulta a grupos de interés y ninguno está adecuado al Modelo Educativo 2024 (RR N.° 015113-2024-R/UNMSM), aprobado nueve meses después (E2.1-06). | N10: Documento curricular vigente con su resolución; actas de consulta a partes interesadas; matrices de alineación y análisis PEST (sección 12). | O10: Documento curricular vigente de cada área con su resolución; actas de consulta a grupos de interés (faltan en dos planes); marco deontológico en los tres planes que lo omiten; adecuación al Modelo Educativo 2024 (RR 015113-2024-R); matrices de alineación. Matrices pendientes: M14. | P10: =IF(OR(I10="Por definir",I10="No desarrollado"),"Alta",IF(OR(L10<>"—",ISNUMBER(SEARCH("Pendiente",H10))),"Media","Baja")) -> Media
A11: 2 | B11: Currículo | C11: 2.2 | D11: Perfil de egreso | E11: EV8 | F11: — | G11: Sin documentos registrados | H11: M8 (Atendida); M10 (Atendida); M11 (Atendida); M15 (Atendida) | I11: L | J11: 5 | K11: 0 | L11: — | M11: las competencias genéricas no están estandarizadas: Laboratorio Clínico y Terapia Física reproducen el listado de la Facultad de 2018, sin alinearlo al Modelo Educativo; Terapia Ocupacional consigna dos listados distintos, y Radiología las enuncia sin definición ni criterios. Terapia Física y Terapia Ocupacional carecen de perfil integrado, y Radiología y Terapia Física no articulan competencias con asignaturas. | N11: Perfil de egreso aprobado; matriz de competencias y niveles de logro; matriz de coherencia perfil–propósitos. | O11: Perfil de egreso aprobado e integrado en Terapia Física y Terapia Ocupacional; listado único de competencias genéricas alineado al Modelo Educativo; matriz de competencias y niveles de logro; matriz de articulación competencias–asignaturas en Radiología y Terapia Física. | P11: =IF(OR(I11="Por definir",I11="No desarrollado"),"Alta",IF(OR(L11<>"—",ISNUMBER(SEARCH("Pendiente",H11))),"Media","Baja")) -> Baja
A12: 2 | B12: Currículo | C12: 2.3 | D12: Plan de estudios completo | E12: EV8 | F12: — | G12: Sin documentos registrados | H12: M10 (Atendida); M11 (Atendida); M12 (Atendida); M16 (Atendida) | I12: L | J12: 7 | K12: 0 | L12: — | M12: los planes no registran horas ni créditos no lectivos ni totales por ciclo; el texto descriptivo de tres planes no coincide con su propio cuadro (Radiología declara 226 créditos y Laboratorio Clínico, 213; en Terapia Física las categorías suman 220), y Terapia Ocupacional reconoce que su investigación formativa carece de secuencia progresiva. | N12: Plan de estudios, malla y sumillas; matriz de articulación asignaturas–competencias. | O12: Plan de estudios con horas y créditos no lectivos y totales por ciclo; matriz de créditos y horas corregida (el texto no coincide con el cuadro en Radiología, Laboratorio Clínico y Terapia Física); secuencia progresiva de investigación formativa en Terapia Ocupacional. | P12: =IF(OR(I12="Por definir",I12="No desarrollado"),"Alta",IF(OR(L12<>"—",ISNUMBER(SEARCH("Pendiente",H12))),"Media","Baja")) -> Baja
A13: 2 | B13: Currículo | C13: 2.4 | E13: EV9 | F13: — | G13: Sin documentos registrados | H13: M13 (Pendiente) | I13: Por definir | J13: 2 | K13: 0 | L13: — | M13: en el VIII ciclo de Radiología, Laboratorio Clínico y Terapia Física, y en el internado de Terapia Física y Terapia Ocupacional, solo quedan 0 a 4 horas para la carga no lectiva, por lo que la suma podría exceder el límite; además, la relación crédito-hora no es homogénea: el internado vale 44 créditos en Radiología y Laboratorio Clínico y 40 en Terapia Física y Terapia ocupacional, con las mismas 36 horas semanales de práctica. | N13: Sílabos; cuadro de carga semanal por ciclo. | O13: Sílabos con carga no lectiva consignada; cuadro de carga semanal por ciclo que pruebe el límite de 40 horas (VIII ciclo e internados); criterio único crédito–hora del internado (44 créditos en dos áreas y 40 en otras dos, con las mismas 36 horas). Matrices pendientes: M13. | P13: =IF(OR(I13="Por definir",I13="No desarrollado"),"Alta",IF(OR(L13<>"—",ISNUMBER(SEARCH("Pendiente",H13))),"Media","Baja")) -> Alta
A14: 2 | B14: Currículo | C14: 2.5 | D14: Contenido de los sílabos | E14: EV9 | F14: — | G14: Sin documentos registrados | H14: M12 (Atendida); M17 (Pendiente); M18 (Pendiente) | I14: Por definir | J14: 4 | K14: 0 | L14: — | M14: en Radiología y Terapia Física, las competencias de los sílabos no pueden contrastarse con el perfil porque sus planes no articulan competencias y asignaturas, y la verificación de sílabos por área no ha concluido. | N14: Sílabos de cuatro semestres; formato institucional; informe de revisión de sílabos. | O14: Sílabos de los cuatro semestres de las cuatro áreas; informe de revisión de sílabos por área (la verificación no ha concluido); formato de sílabo con productos de aprendizaje y carga no lectiva; articulación competencias–asignaturas en Radiología y Terapia Física. Matrices pendientes: M17, M18. | P14: =IF(OR(I14="Por definir",I14="No desarrollado"),"Alta",IF(OR(L14<>"—",ISNUMBER(SEARCH("Pendiente",H14))),"Media","Baja")) -> Alta
A15: 2 | B15: Currículo | C15: 2.6 | D15: Normas de convalidación | E15: EV11 | F15: — | G15: Ley Universitaria 30220; Reglamento General de la UNMSM; Estatuto UNMSM; Reglamento y RR de convalidación 2021; Reglamento y RR de convalidación 2025; Flujograma del proceso de convalidación por curso | H15: — | I15: L | J15: 4 | K15: 0 | L15: — | M15: no se dispone de un registro de las convalidaciones resueltas en el periodo por área ni de la resolución que designa la comisión de convalidación. | N15: Relación de convalidaciones aplicadas en el programa (casos y resoluciones). | O15: Registro semestral de convalidaciones resueltas por área y modalidad (casos y resoluciones); resolución que designa la comisión de convalidación. | P15: =IF(OR(I15="Por definir",I15="No desarrollado"),"Alta",IF(OR(L15<>"—",ISNUMBER(SEARCH("Pendiente",H15))),"Media","Baja")) -> Baja
A16: 2 | B16: Currículo | C16: 2.7 | D16: Verificación del cumplimiento de sílabos | E16: EV10 | F16: ID11 (90 %) | G16: Sin documentos registrados | H16: — | I16: Por definir | J16: 4 | K16: 0 | L16: — | M16: el ID11 aún no se calcula como lo define el Modelo; ninguna área supera el 70 % de aulas virtuales completas, y no se documentan acciones correctivas ante los incumplimientos. | N16: Informes semestrales de cumplimiento de sílabos (EV10); plan de recuperación de sesiones. | O16: Informes semestrales de cumplimiento de sílabos por área con el ID11 calculado como lo define el Modelo (EV10); causas de incumplimiento y acciones correctivas; plan de recuperación de sesiones. | P16: =IF(OR(I16="Por definir",I16="No desarrollado"),"Alta",IF(OR(L16<>"—",ISNUMBER(SEARCH("Pendiente",H16))),"Media","Baja")) -> Alta
A17: 3 | B17: Evaluación de la enseñanza, el aprendizaje y del logro del perfil de egreso | C17: 3.1 | D17: Evaluación de la calidad de la enseñanza | E17: EV12 | F17: ID1, ID3, ID4, ID10, ID19, ID22 | G17: Sin documentos registrados | H17: — | I17: L | J17: 4 | K17: 0 | L17: — | M17: Laboratorio Clínico no alcanza el referencial del ID19 en tres semestres y Terapia Física cae a 50 % en 2026-I; la participación estudiantil bordea el mínimo del 30 % en 2025-II y 2026-I, y no se documenta el uso de los resultados por área. | N17: Normas e instrumentos; informes de aplicación y resultados; sugerencias de mejora (EV12). | O17: Informes de aplicación y resultados de la evaluación de la enseñanza por área; actas del uso de resultados (ID19 de Laboratorio Clínico y Terapia Física); informe de participación estudiantil. | P17: =IF(OR(I17="Por definir",I17="No desarrollado"),"Alta",IF(OR(L17<>"—",ISNUMBER(SEARCH("Pendiente",H17))),"Media","Baja")) -> Baja
A18: 3 | B18: Evaluación de la enseñanza, el aprendizaje y del logro del perfil de egreso | C18: 3.2 | D18: Evaluación coherente con el enfoque pedagógico | E18: EV13 | F18: ID4 (60 %) | G18: Reglamento General de evaluación del Aprendizaje de Estudiantes de Pregrado | H18: — | I18: L | J18: 4 | K18: 0 | L18: — | M18: Radiología y Terapia Física no vinculan sus competencias con asignaturas, lo que limita la coherencia entre instrumento y perfil; no se cuenta con orientaciones para atender las diversas necesidades de aprendizaje. | N18: Sílabos con sistema de evaluación; rúbricas; informe de coherencia evaluación–enfoque. | O18: Sílabos con sistema de evaluación; rúbricas por área; informe de coherencia evaluación–enfoque; guía de evaluación por competencias; orientaciones para diversas necesidades de aprendizaje. | P18: =IF(OR(I18="Por definir",I18="No desarrollado"),"Alta",IF(OR(L18<>"—",ISNUMBER(SEARCH("Pendiente",H18))),"Media","Baja")) -> Baja
A19: 3 | B19: Evaluación de la enseñanza, el aprendizaje y del logro del perfil de egreso | C19: 3.3 | D19: Evidencias del logro del perfil | E19: EV13, EV17 | F19: ID4, ID20 (70 %) | G19: Sin documentos registrados | H19: M19 (Pendiente) | I19: L | J19: 5 | K19: 0 | L19: — | M19: no existe un informe periódico del logro del perfil por área; el registro del ID10 está incompleto en 2024-II y no incluye 2026-I, y Terapia Física concentra la mayor proporción de estudiantes observados. | N19: Informe de evolución del desempeño estudiantil (EV17: ID10, ID28); informe de logro de competencias. | O19: Informe semestral de logro del perfil por área (ID10, observados, internado); ID10 completo en 2024-II y calculado en 2026-I; informe de evolución del desempeño estudiantil (EV17). Matrices pendientes: M19. | P19: =IF(OR(I19="Por definir",I19="No desarrollado"),"Alta",IF(OR(L19<>"—",ISNUMBER(SEARCH("Pendiente",H19))),"Media","Baja")) -> Media
A20: 3 | B20: Evaluación de la enseñanza, el aprendizaje y del logro del perfil de egreso | C20: 3.4 | D20: Información oportuna al estudiante | E20: EV13 | F20: ID4 | G20: RR que aprueba fórmula de evaluación | H20: — | I20: L | J20: 4 | K20: 0 | L20: — | M20: menos de la mitad de las asignaturas publica el sílabo en el aula virtual, y no se fija un plazo para la entrega de calificaciones de cada evaluación. | N20: Registros del SUM de publicación de notas; constancia de entrega de sílabos. | O20: Registros del SUM de publicación de notas; constancia de entrega y publicación de sílabos en el aula virtual; norma con plazo máximo para informar cada calificación. | P20: =IF(OR(I20="Por definir",I20="No desarrollado"),"Alta",IF(OR(L20<>"—",ISNUMBER(SEARCH("Pendiente",H20))),"Media","Baja")) -> Baja
A21: 3 | B21: Evaluación de la enseñanza, el aprendizaje y del logro del perfil de egreso | C21: 3.5 | D21: Tutoría y asesoría | E21: EV14, EV15, EV18 | F21: ID5, ID9, ID24 (70 %) | G21: Reglamente General de Tutoría | H21: — | I21: L | J21: 5 | K21: 0 | L21: EV15 | M21: no se registran los resultados de las tutorías (aprobación posterior del estudiante) ni sesiones de la tutoría preventiva; Terapia Física mantiene 35–39 % de observados, e Inmunología concentra casos de repitencia. | N21: Plan e informes de tutoría de dos semestres (EV14, EV18); prácticas preprofesionales (EV15). | O21: Plan e informes de tutoría de dos semestres (EV14, EV18); resultados de las tutorías (aprobación posterior) y sesiones de tutoría preventiva; normas de prácticas preprofesionales (EV15); plan de refuerzo en las asignaturas con repitencia. | P21: =IF(OR(I21="Por definir",I21="No desarrollado"),"Alta",IF(OR(L21<>"—",ISNUMBER(SEARCH("Pendiente",H21))),"Media","Baja")) -> Media
A22: 3 | B22: Evaluación de la enseñanza, el aprendizaje y del logro del perfil de egreso | C22: 3.6 | D22: Originalidad y rigor de tesis | E22: EV16, EV19 | F22: — | G22: Relación de proyectos, artículos y tesis; Líneas de investigación; Proyectos de investigación con y sin financiamiento; Directiva de originalidad; Repositorio institucional; Capacitación en ética en la investigación | H22: — | I22: L | J22: 10 | K22: 0 | L22: EV16 | M22: en 7 de 23 tesis el certificado es posterior a la sustentación; 11 proyectos se inscribieron por regularización poco antes de sustentar, y dos certificados citan un dictamen de fecha posterior; seis actas omiten la mención. | N22: Relación de tesis y TSP de los dos últimos años en el repositorio (EV19); reportes de similitud. | O22: Relación de tesis y trabajos de suficiencia de los dos últimos años en el repositorio (EV19); reportes de similitud; certificados y dictámenes de ética anteriores a la sustentación (7 de 23 tesis tienen certificado posterior); actas con la mención completa. | P22: =IF(OR(I22="Por definir",I22="No desarrollado"),"Alta",IF(OR(L22<>"—",ISNUMBER(SEARCH("Pendiente",H22))),"Media","Baja")) -> Media
A23: 3 | B23: Evaluación de la enseñanza, el aprendizaje y del logro del perfil de egreso | C23: 3.7 | D23: Autoría del propio estudiante | E23: EV16 | F23: — | G23: Modelo educativo; Reglamento General de evaluación del Aprendizaje de Estudiantes de Pregrado; Reglamento General de Tutoría; Reglamento de Admisión 2026-II; Reglamento de Admisión 2027-I; Proyectos de investigación con y sin financiamiento | H23: — | I23: L | J23: 5 | K23: 0 | L23: — | M23: no se evidencia el uso de la PIDS en las asignaturas de investigación, obligatorio desde 2024, ni un registro de incidencias por área. | N23: Informe de incidencias de dos semestres y acciones adoptadas (EV16). Revisar la pertinencia de los reglamentos de admisión. | O23: Informe de incidencias de dos semestres y acciones adoptadas (EV16); evidencia del uso de la plataforma PIDS en las asignaturas de investigación; confirmar que los reglamentos de admisión citados sean pertinentes. | P23: =IF(OR(I23="Por definir",I23="No desarrollado"),"Alta",IF(OR(L23<>"—",ISNUMBER(SEARCH("Pendiente",H23))),"Media","Baja")) -> Baja
A24: 4 | B24: Plana docente | C24: 4.1 | D24: Selección y vinculación transparente | E24: EV20, EV22, EV24 | F24: ID4, ID14 (20 %), ID19 (75 %) | G24: Ley Universitaria 30220; Estatuto UNMSM; Reglamento de Proceso de admisión a la Carrera Docente; Reglamento de Evaluación para la Ratificación Docente; Reglamento General para la Actividad Académica Docente; Reglamento de Promoción docente | H24: M20 (Atendida) | I24: Por definir | J24: 4 | K24: 0 | L24: EV22, EV24 | M24: no se presenta la relación de concursos y contrataciones del periodo ni los perfiles por área que la Escuela solicitó para cada plaza. | N24: Convocatorias y resultados; CV documentados (EV22); informe de pertinencia docente (EV24). | O24: Relación de concursos y contrataciones del periodo (convocatorias y resultados); perfiles por área solicitados para cada plaza; CV documentados (EV22); informe de pertinencia docente (EV24). | P24: =IF(OR(I24="Por definir",I24="No desarrollado"),"Alta",IF(OR(L24<>"—",ISNUMBER(SEARCH("Pendiente",H24))),"Media","Baja")) -> Alta
A25: 4 | B25: Plana docente | C25: 4.2 | D25: Competencias pedagógicas, disciplinares y digitales | E25: EV21, EV24, EV25 | F25: ID2 (70 %), ID19 | G25: Reglamento de Capacitación Docente; Reglamento de Evaluación del desempeño docente | H25: — | I25: L | J25: 4 | K25: 0 | L25: EV21, EV24 | M25: el ID19 no alcanzó el referencial en 2025-II, la participación estudiantil bordea el 30 % y no hay una evaluación propia de las competencias digitales del docente. | N25: Informe de desempeño de dos años (EV25); certificaciones pedagógicas y digitales. | O25: Informe de desempeño docente de dos años (EV25); certificaciones pedagógicas y digitales; evaluación propia de competencias digitales del docente; observación de clases por pares. | P25: =IF(OR(I25="Por definir",I25="No desarrollado"),"Alta",IF(OR(L25<>"—",ISNUMBER(SEARCH("Pendiente",H25))),"Media","Baja")) -> Media
... A57: 10 | B57: Gestión de la calidad | C57: 10.4 | D57: Evaluación periódica del SGC | E57: EV52 | F57: — | G57: Política de calidad; Estatuto UNMSM | H57: — | I57: No desarrollado | J57: 0 | K57: 0 | L57: EV52 | M57: No desarrollado en el informe | N57: Informes de revisión por la dirección y auditorías (EV52). | O57: Informes de revisión por la dirección y auditorías del SGC, con acciones de mejora propuestas e implementadas (EV52). | P57: =IF(OR(I57="Por definir",I57="No desarrollado"),"Alta",IF(OR(L57<>"—",ISNUMBER(SEARCH("Pendiente",H57))),"Media","Baja")) -> Alta

Sheet Matrices
A1: Índice de 28 matrices: criterio que respalda y estado
A2: Fuente: «Índice de matrices» (tabla de alineamiento y checklist de atendidas vs. pendientes). Los textos están resumidos.
A4: N.º | B4: Bloque | C4: Matriz | D4: Criterio(s) que respalda | E4: Estado | F4: Detalle del sustento
A5: 1 | B5: I. Alineamiento estratégico e institucional | C5: Alineación de los propósitos de la EP con la Visión y Misión de la UNMSM y de la Facultad | D5: 1.3 | E5: Atendida | F5: Cubierta por la Fuente 1 y la Fuente 2
A6: 2 | B6: I. Alineamiento estratégico e institucional | C6: Alineamiento de los propósitos del programa con la Visión y Misión institucional, con enfoque de impacto | D6: 1.3 | E6: Atendida | F6: Cubierta por la Fuente 3
A7: 3 | B7: I. Alineamiento estratégico e institucional | C7: Alineación de los propósitos de la Escuela con los referentes institucionales universitarios | D7: 1.3 | E7: Atendida | F7: Cubierta por la Fuente 3
A8: 4 | B8: I. Alineamiento estratégico e institucional | C8: Alineación de los propósitos con las políticas, OEI y valores del PEI UNMSM 2026-2030 | D8: 1.3 | E8: Atendida | F8: Cubierta por la Fuente 4
A9: 5 | B9: I. Alineamiento estratégico e institucional | C9: Matriz y análisis PEST de factores externos | D9: 2.1, 6.1 | E9: Atendida | F9: Cubierta por la Fuente 10 (28 factores, revalidada al 2026)
A10: 6 | B10: II. Objetivos educacionales y perfil de egreso | C10: Alineación de los Objetivos Educacionales con políticas y objetivos estratégicos | D10: 1.3 | E10: Atendida | F10: Cubierta por la Fuente 5
A11: 7 | B11: II. Objetivos educacionales y perfil de egreso | C11: Evaluación y logro de los Objetivos Educacionales (indicadores de éxito post-egreso, métodos, fuentes, metas) | D11: 6.1, 6.2 | E11: Atendida | F11: Cubierta por la Fuente 5
A12: 8 | B12: II. Objetivos educacionales y perfil de egreso | C12: Coherencia cualitativa (A, M, B) entre competencias del perfil y propósitos | D12: 2.2 | E12: Atendida | F12: Cubierta por la Fuente 8
A13: 9 | B13: II. Objetivos educacionales y perfil de egreso | C13: Comparativa del perfil de egreso para registro histórico (Plan 2018 vs. propuesta 2026) | D13: 9.1, 9.2 | E13: Atendida | F13: Cubierta por la Fuente 12 (de 12 a 13 competencias)
A14: 10 | B14: III. Diseño curricular y carga académica | C14: Competencias genéricas, específicas y técnico-disciplinares con niveles de logro | D14: 2.2, 2.3 | E14: Atendida | F14: Cubierta por la Fuente 6 (12 competencias, niveles 1 a 3)
A15: 11 | B15: III. Diseño curricular y carga académica | C15: Articulación de asignaturas con competencias del perfil / mapa de competencias | D15: 2.2, 2.3 | E15: Atendida | F15: Cubierta por la Fuente 9 y su duplicado, la Fuente 11
A16: 12 | B16: III. Diseño curricular y carga académica | C16: Asignaturas asociadas a I+D+i, formación humanística, ciudadanía y responsabilidad social | D16: 2.1, 2.3, 2.5, 6.1 | E16: Atendida | F16: Cubierta por la Fuente 13
... A32: 28 | B32: VI. Gestión y bienestar institucional | C32: Consolidado, anónimo e integral de seguimiento y mejoras derivadas de QRD | D32: 1.4, 8.2 | E32: Pendiente | F32: Bitácora confidencial del cierre y su impacto
A34: Atendidas | C34: =COUNTIF(E5:E32,"Atendida") -> 15
A35: Pendientes | C35: =COUNTIF(E5:E32,"Pendiente") -> 13
A36: Total | C36: =COUNTA(E5:E32) -> 28

Sheet Indicadores
A1: Indicadores ID01–ID29: referencial, valor en el informe y sustento
A2: Referenciales de la guía (matriz M3). Valores de la tabla «Presentación de los resultados» del informe (periodo 2025-1; ID01 de la tabla de cálculo). Los indicadores de tiempo (ID25, ID26) cumplen si el valor es menor o igual al referencial.
A4: ID | B4: Indicador | C4: Referencial | D4: Valor en el informe | E4: Estado frente al referencial | F4: Criterios donde se cita (guía) | G4: Evidencia fuente (guía) | H4: Cálculo sustentado con variables | I4: Observación
A5: ID01 | B5: Estudiantes satisfechos con el currículo | C5: 0.6 | D5: 0.772 | E5: =IF(OR(C5="",D5=""),"No comparable",IF(D5>=C5,"Cumple referencial","Bajo referencial")) -> Cumple referencial | F5: 2.1, 3.1, 8.2 | G5: EV41 | H5: Sí | I5: Único con variables y resultado (224 de 290 = 77,2 %). La tabla de resultados lo deja en blanco.
A6: ID02 | B6: Estudiantes satisfechos con el desempeño docente | C6: 0.7 | D6: 0.81 | E6: =IF(OR(C6="",D6=""),"No comparable",IF(D6>=C6,"Cumple referencial","Bajo referencial")) -> Cumple referencial | F6: 4.2, 4.3, 4.4, 8.2, 8.3 | G6: EV41, EV25 | H6: No: variables sin valores
A7: ID03 | B7: Estudiantes satisfechos con los recursos de enseñanza aprendizaje | C7: 0.7 | D7: 0.762 | E7: =IF(OR(C7="",D7=""),"No comparable",IF(D7>=C7,"Cumple referencial","Bajo referencial")) -> Cumple referencial | F7: 3.1, 5.1, 5.2, 5.3, 5.5, 8.2 | G7: EV41 | H7: No: variables sin valores
A8: ID04 | B8: Estudiantes satisfechos con la evaluación del aprendizaje | C8: 0.6 | D8: 0.755 | E8: =IF(OR(C8="",D8=""),"No comparable",IF(D8>=C8,"Cumple referencial","Bajo referencial")) -> Cumple referencial | F8: 3.1–3.4, 4.1, 8.2, 8.4 | G8: EV41 | H8: No: variables sin valores
A9: ID05 | B9: Estudiantes satisfechos con la asesoría/tutoría para la titulación | C9: 0.7 | D9: 0.721 | E9: =IF(OR(C9="",D9=""),"No comparable",IF(D9>=C9,"Cumple referencial","Bajo referencial")) -> Cumple referencial | F9: 3.5, 8.2 | G9: EV41, EV18 | H9: No: variables sin valores
A10: ID06 | B10: Evolución del porcentaje de postulantes al programa | D10: 0.476 | E10: =IF(OR(C10="",D10=""),"No comparable",IF(D10>=C10,"Cumple referencial","Bajo referencial")) -> No comparable | F10: 8.2 | G10: Registros de admisión | H10: No: variables sin valores | I10: El referencial es una variación no negativa (0 %), no un umbral; el valor 47,6 % no se puede verificar sin las variables (postulantes del último y penúltimo año).
A11: ID07 | B11: Estudiantes satisfechos con bienestar y actividades recreativas, culturales, artísticas y deportivas | C11: 0.7 | D11: 0.731 | E11: =IF(OR(C11="",D11=""),"No comparable",IF(D11>=C11,"Cumple referencial","Bajo referencial")) -> Cumple referencial | F11: 7.4, 8.2 | G11: EV41, EV37 | H11: No: variables sin valores
A12: ID08 | B12: Estudiantes satisfechos con los servicios administrativos | C12: 0.6 | D12: 0.734 | E12: =IF(OR(C12="",D12=""),"No comparable",IF(D12>=C12,"Cumple referencial","Bajo referencial")) -> Cumple referencial | F12: 1.5, 8.2 | G12: EV41 | H12: No: variables sin valores
A13: ID09 | B13: Estudiantes satisfechos con el apoyo pedagógico | C13: 0.7 | D13: 0.752 | E13: =IF(OR(C13="",D13=""),"No comparable",IF(D13>=C13,"Cumple referencial","Bajo referencial")) -> Cumple referencial | F13: 3.5, 7.4, 8.2 | G13: EV41, EV38 | H13: No: variables sin valores
A14: ID10 | B14: Estudiantes aprobados por asignatura | C14: 0.8 | D14: 0.952 | E14: =IF(OR(C14="",D14=""),"No comparable",IF(D14>=C14,"Cumple referencial","Bajo referencial")) -> Cumple referencial | F14: 3.1, 8.4 | G14: EV17 | H14: No: variables sin valores
A15: ID11 | B15: Cumplimiento de los sílabos | C15: 0.9 | D15: 0.973 | E15: =IF(OR(C15="",D15=""),"No comparable",IF(D15>=C15,"Cumple referencial","Bajo referencial")) -> Cumple referencial | F15: 2.7, 9.3 | G15: EV10, EV48 | H15: No: variables sin valores | I15: El criterio 2.7 dice que el ID11 aún no se calcula como define el Modelo; aquí figura 97,3 %. Aclarar el origen.
A16: ID12 | B16: Docentes satisfechos con el currículo | C16: 0.7 | D16: 0.9 | E16: =IF(OR(C16="",D16=""),"No comparable",IF(D16>=C16,"Cumple referencial","Bajo referencial")) -> Cumple referencial | F16: 2.1, 8.2 | G16: EV42 | H16: No: variables sin valores
A17: ID13 | B17: Docentes a tiempo completo | C17: 0.15 | D17: 0.738 | E17: =IF(OR(C17="",D17=""),"No comparable",IF(D17>=C17,"Cumple referencial","Bajo referencial")) -> Cumple referencial | F17: 4.3, 8.2 | G17: EV23 | H17: No: variables sin valores | I17: Referencial corregido a 15 % según la ficha del Modelo CONEAU; la guía UNMSM (matriz M3) trae 25 %. Confirmar con la OCAA cuál aplica.
A18: ID14 | B18: Docentes con grado de doctor | C18: 0.2 | D18: 0.333 | E18: =IF(OR(C18="",D18=""),"No comparable",IF(D18>=C18,"Cumple referencial","Bajo referencial")) -> Cumple referencial | F18: 4.1, 4.3, 4.6, 8.2 | G18: EV22, EV23 | H18: No: variables sin valores
A19: ID15 | B19: Docentes capacitados en docencia e investigación (dos años) | C19: 0.5 | D19: 0.767 | E19: =IF(OR(C19="",D19=""),"No comparable",IF(D19>=C19,"Cumple referencial","Bajo referencial")) -> Cumple referencial | F19: 4.4, 4.5, 8.2 | G19: EV27 | H19: No: variables sin valores
A20: ID16 | B20: Docentes satisfechos con el fortalecimiento de capacidades | C20: 0.7 | D20: 0.833 | E20: =IF(OR(C20="",D20=""),"No comparable",IF(D20>=C20,"Cumple referencial","Bajo referencial")) -> Cumple referencial | F20: 4.4, 4.5, 8.2 | G20: EV42 | H20: No: variables sin valores
A21: ID17 | B21: Docentes satisfechos con los recursos de enseñanza aprendizaje | C21: 0.7 | D21: 0.8 | E21: =IF(OR(C21="",D21=""),"No comparable",IF(D21>=C21,"Cumple referencial","Bajo referencial")) -> Cumple referencial | F21: 5.1, 5.2, 5.3, 5.5, 8.2 | G21: EV42 | H21: No: variables sin valores
A22: ID18 | B22: Docentes satisfechos con los servicios administrativos | C22: 0.75 | D22: 0.9 | E22: =IF(OR(C22="",D22=""),"No comparable",IF(D22>=C22,"Cumple referencial","Bajo referencial")) -> Cumple referencial | F22: 1.5, 8.2 | G22: EV42 | H22: No: variables sin valores
A23: ID19 | B23: Docentes con desempeño satisfactorio en opinión de estudiantes | C23: 0.75 | D23: 0.837 | E23: =IF(OR(C23="",D23=""),"No comparable",IF(D23>=C23,"Cumple referencial","Bajo referencial")) -> Cumple referencial | F23: 3.1, 4.1, 4.2, 4.4, 8.3 | G23: EV25 | H23: No: variables sin valores
A24: ID20 | B24: Egresados satisfechos con la calidad y utilidad de la formación | C24: 0.7 | D24: 0.833 | E24: =IF(OR(C24="",D24=""),"No comparable",IF(D24>=C24,"Cumple referencial","Bajo referencial")) -> Cumple referencial | F24: 3.3, 6.1, 6.2, 8.2 | G24: EV34, EV43 | H24: No: variables sin valores | I24: El criterio 6.2 dice que no hay mediciones; aquí figura un valor. No citarlo hasta documentar la encuesta.
A25: ID21 | B25: Egresados satisfechos con los servicios administrativos | C25: 0.7 | D25: 0.9 | E25: =IF(OR(C25="",D25=""),"No comparable",IF(D25>=C25,"Cumple referencial","Bajo referencial")) -> Cumple referencial | F25: 1.5, 8.2 | G25: EV43 | H25: No: variables sin valores
A26: ID22 | B26: Egresados satisfechos con la calidad de la enseñanza | C26: 0.7 | D26: 0.9 | E26: =IF(OR(C26="",D26=""),"No comparable",IF(D26>=C26,"Cumple referencial","Bajo referencial")) -> Cumple referencial | F26: 3.1, 6.2, 8.2 | G26: EV43 | H26: No: variables sin valores | I26: El criterio 6.2 dice que no hay mediciones; aquí figura un valor.
A27: ID23 | B27: Egresados satisfechos con bienestar y actividades | C27: 0.7 | D27: 0.9 | E27: =IF(OR(C27="",D27=""),"No comparable",IF(D27>=C27,"Cumple referencial","Bajo referencial")) -> Cumple referencial | F27: 7.4, 8.2 | G27: EV43 | H27: No: variables sin valores
A28: ID24 | B28: Egresados satisfechos con los servicios de apoyo | C28: 0.7 | D28: 0.933 | E28: =IF(OR(C28="",D28=""),"No comparable",IF(D28>=C28,"Cumple referencial","Bajo referencial")) -> Cumple referencial | F28: 3.5, 7.2, 7.4, 8.2 | G28: EV43 | H28: No: variables sin valores
A29: ID25 | B29: Tiempo promedio entre egreso y titulación | C29: 2 | D29: 4.66 | E29: =IF(OR(C29="",D29=""),"No comparable",IF(D29<=C29,"Cumple referencial","Bajo referencial")) -> Bajo referencial | F29: 8.5 | G29: EV43, registro de grados | H29: No: variables sin valores | I29: El criterio 8.5 dice que no se calculó; aquí figura 4,66 años, por encima del referencial de 2 años.
A30: ID26 | B30: Tiempo promedio entre egreso y primer empleo en el campo | C30: 1 | D30: 0.28 | E30: =IF(OR(C30="",D30=""),"No comparable",IF(D30<=C30,"Cumple referencial","Bajo referencial")) -> Cumple referencial | F30: 6.1, 6.2, 6.3, 8.2 | G30: EV34 | H30: No: variables sin valores | I30: El criterio 6.2 dice que no hay mediciones; aquí figura 0,28 años.
A31: ID27 | B31: Egresados que laboran en su campo profesional | C31: 0.5 | D31: 0.7333 | E31: =IF(OR(C31="",D31=""),"No comparable",IF(D31>=C31,"Cumple referencial","Bajo referencial")) -> Cumple referencial | F31: 6.1, 6.2, 6.3, 8.2 | G31: EV34 | H31: No: variables sin valores | I31: El criterio 6.2 dice que no hay mediciones; aquí figura un valor.
A32: ID28 | B32: Titulados dentro de los dos años posteriores al egreso | C32: 0.6 | D32: 0.006 | E32: =IF(OR(C32="",D32=""),"No comparable",IF(D32>=C32,"Cumple referencial","Bajo referencial")) -> Bajo referencial | F32: 6.1–6.3, 8.2, 8.5 | G32: EV17, EV34 | H32: No: variables sin valores | I32: El criterio 8.5 dice que no se calculó. El valor 0,6 % frente a un referencial de 60 % sugiere un error de unidad (¿0,6 = 60 %?). Verificar.
A33: ID29 | B33: Empleadores satisfechos con el desempeño de los egresados | C33: 0.7 | D33: 1 | E33: =IF(OR(C33="",D33=""),"No comparable",IF(D33>=C33,"Cumple referencial","Bajo referencial")) -> Cumple referencial | F33: 6.1–6.3, 8.2, 8.5 | G33: EV35, EV44 | H33: No: variables sin valores | I33: El criterio 6.3 dice que no hay resultados ni consultas a empleadores desde 2018; aquí figura 100 %.
A35: Con variables sustentadas | D35: =COUNTIF(H5:H33,"Sí") -> 1
A36: Con valor en la tabla de resultados | D36: =COUNT(D5:D33) -> 29
A37: Bajo el referencial | D37: =COUNTIF(E5:E33,"Bajo referencial") -> 2

Sheet Observaciones
A1: Observaciones a los documentos, por gravedad
A3: N.º | B3: Gravedad | C3: Observación | D3: Dónde | E3: Qué hacer
A4: 1 | B4: Alta | C4: Los estándares 9 y 10 (7 criterios, 13 % del modelo) no están desarrollados en el informe, aunque el índice los lista en las páginas 83 y 88. | D4: Informe, estándares 9 y 10 | E4: Redactarlos con evidencias EV45 a EV52. Hoy no hay ninguna evidencia propia del programa en esos dos estándares.
A5: 2 | B5: Alta | C5: 15 de los 46 criterios desarrollados llevan la valoración «Por definir». La escala del modelo es solo NL, L y LP. | D5: Criterios 2.4, 2.5, 2.7, 4.1, 4.4, 4.6, 5.4, 6.1, 6.2, 6.3, 6.4, 7.3, 7.4, 8.2, 8.5 | E5: Cerrar cada uno como NL o L antes de entregar. Con las debilidades que el propio informe declara, varios serían NL.
A6: 3 | B6: Alta | C6: La tabla de resultados de indicadores muestra valores de ID20, ID22 y ID25 a ID29 que el informe dice no haber medido (criterios 6.2, 6.3 y 8.5). La tabla de cálculo está vacía para esos indicadores. | D6: Informe, tablas de indicadores; criterios 6.2, 6.3, 8.5 | E6: No citar esos valores hasta documentar la encuesta, la base de titulados y la consulta a empleadores. Rehacer la tabla con las variables.
A7: 4 | B7: Alta | C7: Solo ID01 tiene el cálculo con variables (224 de 290). Los otros 28 indicadores no muestran numerador ni denominador, y la tabla de resultados trae un solo periodo (2025-1) cuando se evalúan cuatro semestres. | D7: Informe, «Información para el cálculo de los indicadores» | E7: Completar variables y resultados por semestre (2024-II, 2025-I, 2025-II, 2026-I) y por área.
A8: 5 | B8: Alta | C8: Solo 8 de las 191 evidencias citadas en los criterios tienen enlace. La guía exige el enlace directo a cada documento, no portales genéricos. | D8: Informe, campo «Evidencias (links)» | E8: Subir cada evidencia al repositorio y enlazarla con su código.
A9: 6 | B9: Alta | C9: El informe indica que el CUI está «vigente hasta el 14 de mayo de 2025», es decir, vencido. La guía pide el CUI vigente. | D9: Datos de la Comisión de Calidad | E9: Confirmar con la OCAA la vigencia real y actualizar la fecha.
A10: 7 | B10: Media | C10: ID28 aparece como 0,6 % frente a un referencial de 60 %; probable error de unidad. ID25 (4,66 años) supera el referencial de 2 años. ID29 figura en 100 %, sin consulta a empleadores desde 2018. | D10: Tabla de resultados de indicadores | E10: Verificar origen y unidad antes de usarlos.
A11: 8 | B11: Media | C11: El criterio 1.1 está en LP, pero cita un organigrama de 2018 (el Anexo registra el Organigrama Institucional 2025), y el criterio 1.2 reconoce que las coordinaciones de área no tienen resolución de designación. LP exige que no haya debilidades significativas. | D11: Criterio 1.1 | E11: Actualizar el organigrama y valorar con prudencia: L, o LP solo si se subsanan.
A12: 9 | B12: Media | C12: En 3.6, 7 de 23 tesis tienen certificado de ética posterior a la sustentación, y 11 proyectos se inscribieron por regularización poco antes de sustentar. Es una señal de riesgo de integridad. | D12: Criterio 3.6 | E12: Corregir el procedimiento (dictamen antes de ejecutar, certificado antes de sustentar) y registrarlo como mejora.
A13: 10 | B13: Media | C13: Las matrices 1 a 4 y 6 se respaldan en el criterio 1.3, pero la guía de la UNMSM indica que las matrices formuladas para el «Estándar 1 de propósitos» (Sineace 2016) deben citarse en 2.1, 2.2, 2.3, 3.3 y 9.1. Las matrices muestran además el encabezado «Estándar 1: propósitos» y «Plan curricular 2018». | D13: Índice de matrices | E13: Confirmar con la OCAA dónde se citan, y actualizar el encabezado al Modelo Coneau.
A14: 11 | B14: Media | C14: 13 de las 28 matrices están pendientes (13, 14, 17, 18, 19, 21 a 28). Las «atendidas» se apoyan en «Fuentes» numeradas (1 a 13) que el índice no identifica. | D14: Índice de matrices | E14: Listar qué documento es cada Fuente y dejar cada matriz aprobada en acta del Comité de Calidad, con fecha y responsables.
A15: 12 | B15: Media | C15: Los estándares 2, 3, 5 y 9 se presentan por área, pero el índice de matrices es único para la Escuela. Hace falta una versión por cada una de las cuatro áreas. | D15: Informe y matrices | E15: Definir si cada matriz se elabora por área (Radiología, Terapia Física, Terapia Ocupacional, Laboratorio Clínico y Anatomía Patológica).
... A19: 16 | B19: Baja | C19: El informe es transparente con sus puntos débiles y los vincula con una oportunidad de mejora en casi todos los criterios. Es una base sólida para completar. | D19: Informe | E19: Mantener ese nivel de detalle en los estándares 9 y 10.

Sheet Fuentes y método
A1: Fuentes y método
A3: Informe | B3: Informe final de autoevaluación pregrado EPTM 2026 (estándares 1 a 8), 46 criterios. Se leyeron valoración, argumentación, puntos débiles, oportunidades de mejora y evidencias citadas.
A4: Reporte de evidencias | B4: Reporte de evidencias de acreditación 2026 (Anexo 2026-1): documentos institucionales para 40 de los 53 criterios; los 13 restantes no tienen documentos (1.5, 2.2 a 2.5, 2.7, 3.1, 3.3, 4.4, 5.2, 5.4, 5.5, 6.4).
A5: Guía UNMSM | B5: Guía del informe de autoevaluación de pregrado UNMSM: matrices M2 (evidencias por criterio y evidencias por completar) y M3 (referenciales de indicadores).
A6: Matrices | B6: Índice de matrices (28): alineamiento a criterios y checklist de atendidas y pendientes.
A7: Modelo | B7: Modelo CONEAU 2026: 10 estándares, 53 criterios, 52 evidencias (EV1 a EV52) y 29 indicadores. Argumentación máxima de 250 palabras por criterio.
A8: Columna «EV que el informe no cita» | B8: Evidencias EV que exige la guía para el criterio menos las que el informe etiqueta con (EVn) en sus evidencias.
A9: Columna «Evidencia que me falta» | B9: Síntesis redactada a partir de los puntos débiles del informe y las evidencias por completar de la guía, más las matrices pendientes. No agrega exigencias que no estén en esos documentos.
A10: Límites | B10: No se abrieron los documentos enlazados por el informe (carpetas de Drive) ni los anexos de matrices por área. Si una evidencia existe en esos enlaces pero no está citada, aquí aparecerá como faltante. Los estándares 9 y 10 no figuran en el informe recibido.
